-- phpMyAdmin SQL Dump
-- version 5.2.1
-- https://www.phpmyadmin.net/
--
-- Host: 127.0.0.1
-- Generation Time: Dec 17, 2025 at 01:07 PM
-- Server version: 10.4.32-MariaDB
-- PHP Version: 8.2.12

SET SQL_MODE = "NO_AUTO_VALUE_ON_ZERO";
START TRANSACTION;
SET time_zone = "+00:00";


/*!40101 SET @OLD_CHARACTER_SET_CLIENT=@@CHARACTER_SET_CLIENT */;
/*!40101 SET @OLD_CHARACTER_SET_RESULTS=@@CHARACTER_SET_RESULTS */;
/*!40101 SET @OLD_COLLATION_CONNECTION=@@COLLATION_CONNECTION */;
/*!40101 SET NAMES utf8mb4 */;

--
-- Database: `asetik`
--

-- --------------------------------------------------------

--
-- Table structure for table `products`
--

CREATE TABLE `products` (
  `id` int(11) NOT NULL,
  `name` varchar(100) NOT NULL,
  `photo` varchar(255) NOT NULL,
  `description` text NOT NULL
) ENGINE=InnoDB DEFAULT CHARSET=utf8mb4 COLLATE=utf8mb4_general_ci;

--
-- Dumping data for table `products`
--

INSERT INTO `products` (`id`, `name`, `photo`, `description`) VALUES
(4, 'Keyboard Logitech', 'Logitech-K120.png', 'Office Keyboard'),
(5, 'FantechATOM63', 'FantechATOM63.png', 'Keyboard Gaming'),
(6, 'FantechKatanaSVX9s', 'FantechKatanaSVX9s.jpg', 'Mouse Gaming'),
(7, 'FantechVx6 Phantom ii', 'FantechVx6Phantomii.jpg', 'Mouse Gaming'),
(8, 'Gamen Titan V', 'gamenTitanV.jpg', 'Keyboard Gaming'),
(9, 'Logitech B100', 'LogitechB100.jpg', 'Office Mouse'),
(10, 'Logitech B175', 'LogitechB175.jpg', 'Office Mouse Wireless'),
(11, 'Redragon P035', 'RedragonP035.jpg', 'keyboard hand rest'),
(12, 'Rexus MX5.2', 'RexusMX5,2.jpg', 'Gaming'),
(13, 'Rexus Mx10RGB', 'RexusMx10RGB.jpg', 'Gaming Keyboard'),
(15, 'Logitech Mouse B100', 'LogitechB100.jpg', 'Office Mouse'),
(16, 'Logitech B100', 'LogitechB100.jpg', 'Keyboard Office Wired');

-- --------------------------------------------------------

--
-- Table structure for table `records`
--

CREATE TABLE `records` (
  `id_records` int(11) NOT NULL,
  `id_users` int(11) DEFAULT NULL,
  `id_products` int(11) DEFAULT NULL,
  `status` enum('good','broken','not taken','pending','fixing','decline') NOT NULL DEFAULT 'good',
  `no_serial` varchar(255) NOT NULL,
  `no_inventaris` varchar(255) NOT NULL,
  `note_record` text NOT NULL,
  `record_time` timestamp NOT NULL DEFAULT current_timestamp() ON UPDATE current_timestamp()
) ENGINE=InnoDB DEFAULT CHARSET=utf8mb4 COLLATE=utf8mb4_general_ci;

--
-- Dumping data for table `records`
--

INSERT INTO `records` (`id_records`, `id_users`, `id_products`, `status`, `no_serial`, `no_inventaris`, `note_record`, `record_time`) VALUES
(24, 28, 9, 'good', '2348PUBG123', '555DAWQ2', '34', '2025-01-31 14:20:35'),
(25, 28, 13, 'not taken', '2348FF', '343TES', 'gooof', '2025-12-06 13:03:42'),
(27, 28, 10, 'not taken', '2348FFF', '54TE', 'Sudah selesai silakan ambil', '2025-02-19 08:16:12'),
(39, 27, 15, 'not taken', '65EDFF', '5TEDFED', 'Silakan Ambil sudah diperbaiki', '2025-01-29 20:04:38'),
(40, 27, 5, 'good', '4ERDW', 'DSFGHTJ', 'ga bisa', '2025-01-29 20:09:07'),
(42, 26, 11, 'good', '35EF', 'RT43WR', '', '2025-01-29 19:58:59'),
(43, 22, 4, 'good', 'HI67', '34RE', '', '2025-01-29 20:00:42'),
(44, 27, 4, 'decline', '23REFED', '3E2RWE12', 'tidak bisa diperbaiki', '2025-02-12 05:50:03');

-- --------------------------------------------------------

--
-- Table structure for table `repair`
--

CREATE TABLE `repair` (
  `id_repair` int(11) NOT NULL,
  `id_user` int(11) NOT NULL,
  `id_record` int(11) NOT NULL,
  `note` text NOT NULL,
  `created_at` datetime DEFAULT current_timestamp()
) ENGINE=InnoDB DEFAULT CHARSET=utf8mb4 COLLATE=utf8mb4_general_ci;

--
-- Dumping data for table `repair`
--

INSERT INTO `repair` (`id_repair`, `id_user`, `id_record`, `note`, `created_at`) VALUES
(70, 27, 39, '', '2025-01-27 15:29:05');

-- --------------------------------------------------------

--
-- Table structure for table `users`
--

CREATE TABLE `users` (
  `id` int(11) NOT NULL,
  `name` varchar(100) NOT NULL,
  `age` int(3) DEFAULT NULL,
  `divisi` varchar(100) NOT NULL,
  `email` varchar(100) NOT NULL,
  `description` text DEFAULT NULL,
  `photo` varchar(255) DEFAULT NULL,
  `password_user` varchar(255) NOT NULL,
  `username` varchar(100) NOT NULL,
  `badge` varchar(30) DEFAULT NULL,
  `level` enum('admin','normal_user') DEFAULT 'normal_user'
) ENGINE=InnoDB DEFAULT CHARSET=utf8mb4 COLLATE=utf8mb4_general_ci;

--
-- Dumping data for table `users`
--

INSERT INTO `users` (`id`, `name`, `age`, `divisi`, `email`, `description`, `photo`, `password_user`, `username`, `badge`, `level`) VALUES
(18, 'admin', 20, 'Layanan TI', 'admin@gmail.com', 'Mr.Admin', 'profile.jpg', '$2y$10$ZdWSNZm/a6aB4BWkbUavPOb1EWuens9ENzzAWBiEAv7KhJZLLCeH2', 'admin', '12-34', 'admin'),
(20, 'Im0somn1s', 20, 'Layanan TI', 'Im0somn1s@gmail.com', 'Mahasiswa', 'man.jpg', '$2y$10$EmSyorc5Rv6xQhYtdBKzgunx.46M0kUGNHCyYNQEOq.l7KC6a1oqK', 'Im0somn1s', '12-34', 'normal_user'),
(21, 'Harjay', 22, 'Layanan TI', 'harjay@gmail.com', 'Mahasiswa', 'woman.jpg', '$2y$10$NMR2ag2l2sbK3RToVKFlDunmD0LAYydT5aeiRIHHX0AlqbLWUKnVi', '123', '12-34', 'normal_user'),
(22, 'Elda', 19, 'Layanan TI', 'elda@gmail.com', 'Mahasiswa', 'woman.jpg', '$2y$10$6hw218NMYzZka8nnaqoLOuFXQNEqj8sFZZjtj5nuakWTq1SAXqWvq', 'elda', '12-34', 'normal_user'),
(24, 'arif', 20, 'Layanan TI', 'arif@gmail.com', 'mahasiswa', 'man.jpg', '$2y$10$sB97eTVKPITvUpnUeAKOMuK9gsIDLMkgGOjVhYraY8sLJDVldDBSi', 'arif', '12-34', 'normal_user'),
(25, 'azel', 20, 'Layanan TI', 'azel@gmail.com', 'Pegawai Pusri', 'woman.jpg', '$2y$10$jDN08WKkYr44qEwBhJiaC.lQnmN941XUOwOnbeFGY9WBUos3loepS', 'azel', '12-34', 'normal_user'),
(26, 'hembang', 20, 'Layanan TI', 'hembang@gmail.com', 'Pegawai Pusri', 'profile.jpg', '$2y$10$pLZpIVIyy3g2jMSbSCY00e1pxYfGaiqwEda/xwltt6stiw5V0rxMW', 'hembang', '12-34', 'normal_user'),
(27, 'test', 20, 'Layanan TI', 'test@gmail.com', 'Pegawai Kontrak', 'man.jpg', '$2y$10$KK63diDTvBswAyHIr8ZFiOnd1Cdgq3utyPB9CH/sqiNx/etOkWm3e', 'test', '12-34-45', 'normal_user'),
(28, 'wijaya', 20, 'Layanan TI', 'wijaya@gmail.com', 'Kontrak 1 tahun 2024-2025', 'man.jpg', '$2y$10$kwV8wyIAt1K91uIO5833XuBnnMNfAyY2XyZLjgSWV6O8bN2j6xIvC', 'wijaya', '12-34-56', 'normal_user'),
(29, 'test1', 19, 'test', 'test1@gmail.com', 'test1', 'Adobe Express - file.png', '$2y$10$fzsJw3WGB3YmG..qBjXsK.vtJhv8xaG7x/NENHZqox3LEEzfggX1W', 'test1', '', 'normal_user');

--
-- Indexes for dumped tables
--

--
-- Indexes for table `products`
--
ALTER TABLE `products`
  ADD PRIMARY KEY (`id`);

--
-- Indexes for table `records`
--
ALTER TABLE `records`
  ADD PRIMARY KEY (`id_records`),
  ADD KEY `id_users` (`id_users`),
  ADD KEY `id_products` (`id_products`);

--
-- Indexes for table `repair`
--
ALTER TABLE `repair`
  ADD PRIMARY KEY (`id_repair`),
  ADD KEY `id_user` (`id_user`),
  ADD KEY `id_record` (`id_record`);

--
-- Indexes for table `users`
--
ALTER TABLE `users`
  ADD PRIMARY KEY (`id`);

--
-- AUTO_INCREMENT for dumped tables
--

--
-- AUTO_INCREMENT for table `products`
--
ALTER TABLE `products`
  MODIFY `id` int(11) NOT NULL AUTO_INCREMENT, AUTO_INCREMENT=17;

--
-- AUTO_INCREMENT for table `records`
--
ALTER TABLE `records`
  MODIFY `id_records` int(11) NOT NULL AUTO_INCREMENT, AUTO_INCREMENT=45;

--
-- AUTO_INCREMENT for table `repair`
--
ALTER TABLE `repair`
  MODIFY `id_repair` int(11) NOT NULL AUTO_INCREMENT, AUTO_INCREMENT=76;

--
-- AUTO_INCREMENT for table `users`
--
ALTER TABLE `users`
  MODIFY `id` int(11) NOT NULL AUTO_INCREMENT, AUTO_INCREMENT=30;

--
-- Constraints for dumped tables
--

--
-- Constraints for table `records`
--
ALTER TABLE `records`
  ADD CONSTRAINT `fk_products` FOREIGN KEY (`id_products`) REFERENCES `products` (`id`),
  ADD CONSTRAINT `records_ibfk_2` FOREIGN KEY (`id_products`) REFERENCES `products` (`id`);

--
-- Constraints for table `repair`
--
ALTER TABLE `repair`
  ADD CONSTRAINT `repair_ibfk_1` FOREIGN KEY (`id_user`) REFERENCES `users` (`id`),
  ADD CONSTRAINT `repair_ibfk_2` FOREIGN KEY (`id_record`) REFERENCES `records` (`id_records`);
COMMIT;

/*!40101 SET CHARACTER_SET_CLIENT=@OLD_CHARACTER_SET_CLIENT */;
/*!40101 SET CHARACTER_SET_RESULTS=@OLD_CHARACTER_SET_RESULTS */;
/*!40101 SET COLLATION_CONNECTION=@OLD_COLLATION_CONNECTION */;
